,url,size,serial_no,similarity_score,num_forms,has_login_form,num_scripts,has_external_scripts,num_hyperlinks,num_external_hyperlinks,num_js_events,isPhishing
0,https://www.google.com,240192,1,0.289709008,1,0,13,1,24,21,0,0
1,https://www.youtube.com,993297,2,0.216258019,1,0,47,1,8,1,0,0
2,https://www.facebook.com,63292,3,0.47358729,1,1,33,1,47,22,0,0
3,https://www.wikipedia.org,76200,5,0.625078872,1,0,4,0,356,8,0,0
4,https://www.reddit.com,1470,6,0.011880203,0,0,0,0,4,4,0,0
5,https://www.yahoo.com,1755002,7,0.407620522,4,0,89,1,519,510,0,0
6,https://www.google.co.in,237710,8,0.288520207,1,0,11,1,24,21,0,0
7,https://www.amazon.com,7025,10,0.31829166,1,0,7,1,2,2,0,0
8,https://www.taobao.com,216224,11,0.27399935,0,0,39,1,187,177,0,0
9,https://www.twitter.com,214025,12,0.221702594,0,0,15,1,28,25,0,0
10,https://www.tmall.com,267236,13,0.286586382,0,0,22,1,122,62,0,0
11,https://www.google.co.jp,239176,14,0.291406453,1,0,13,1,25,22,0,0
12,https://www.vk.com,694157,15,0.34699371,3,1,51,1,35,9,0,0
13,https://www.live.com,670131,16,0.36733722,1,0,52,1,369,241,0,0
14,https://www.instagram.com,297588,17,0.453837752,0,0,51,1,13,8,0,0
15,https://www.jd.com,37259,20,0.334517284,0,0,21,1,143,44,0,0
16,https://www.360.cn,88416,22,0.260605285,1,0,28,1,482,399,0,0
17,https://www.google.de,238374,23,0.290733281,1,0,12,1,25,22,0,0
18,https://www.google.co.uk,239163,24,0.289651625,1,0,13,1,24,21,0,0
19,https://www.google.com.br,240581,25,0.289651625,1,0,13,1,25,22,0,0
20,https://www.google.fr,239056,26,0.291406453,1,0,13,1,25,22,0,0
21,https://www.google.ru,240530,27,0.293187664,1,0,13,1,25,22,0,0
22,https://www.netflix.com,298859,28,0.304837143,2,0,10,1,17,12,0,0
23,https://www.linkedin.com,148075,31,0.446111554,2,1,7,1,151,141,0,0
24,https://www.twitch.tv,201699,32,0.283063944,0,0,13,1,58,0,0,0
25,https://www.google.it,240335,33,0.289651625,1,0,13,1,25,22,0,0
26,https://www.t.co,39,34,0.006805241,0,0,0,0,0,0,0,0
27,https://www.google.com.hk,239606,35,0.289651625,1,0,13,1,25,22,0,0
28,https://www.google.es,238260,37,0.290733281,1,0,12,1,25,22,0,0
29,https://www.xvideos.com,1825486,39,0.222951123,2,0,60,1,263,19,0,0
30,https://www.yahoo.co.jp,226739,40,0.254133146,1,0,28,1,216,214,0,0
31,https://www.google.ca,240346,41,0.291454439,1,0,13,1,24,21,0,0
32,https://www.ebay.com,275681,42,0.585645306,1,0,30,1,336,331,0,0
33,https://www.google.com.mx,240646,43,0.290901301,1,0,13,1,25,22,0,0
34,https://www.microsoft.com,259329,44,0.453599417,1,0,53,1,127,122,0,0
35,https://www.bing.com,43622,45,0.132215144,0,0,44,1,4,0,0,0
36,https://www.imgur.com,69559,46,0.277054462,1,0,33,1,9,1,0,0
37,https://www.bongacams.com,18090,48,0.28342293,0,0,3,1,0,0,0,0
38,https://www.imdb.com,117,49,0.008020053,0,0,0,0,0,0,0,0
39,https://www.aliexpress.com,465241,50,0.301061637,1,0,67,1,273,216,0,0
40,https://www.wikia.com,417103,51,0.187015975,5,0,90,1,118,108,0,0
41,https://www.hao123.com,611062,52,0.446548596,2,0,83,1,515,464,0,0
42,https://www.mail.ru,397152,53,0.320780245,1,0,46,1,69,53,0,0
43,https://www.office.com,354338,54,0.450995678,0,0,19,1,176,174,0,0
44,https://www.csdn.net,415579,55,0.376208322,0,0,19,1,132,127,0,0
45,https://www.tumblr.com,335368,56,0.089720975,0,0,8,1,34,8,0,0
46,https://www.msn.com,50333,57,0.116209326,0,0,15,1,0,0,0,0
47,https://www.wordpress.com,341572,58,0.334250074,1,0,26,1,228,227,0,0
48,https://www.google.com.au,238901,59,0.289651625,1,0,13,1,24,21,0,0
49,https://www.google.com.tr,239225,60,0.289212389,1,0,13,1,25,22,0,0
50,https://www.whatsapp.com,234601,62,0.642775603,0,0,23,1,73,68,0,0
51,https://www.github.com,249500,63,0.345087519,5,0,50,1,116,43,0,0
52,https://www.google.com.tw,240966,64,0.290901301,1,0,13,1,25,22,0,0
53,https://www.apple.com,295343,65,0.441817021,1,0,17,0,328,59,0,0
54,https://www.amazon.co.jp,646229,67,0.341907374,2,0,135,1,299,25,0,0
55,https://www.blogspot.com,166930,68,0.688779696,0,0,4,0,16,0,0,0
56,https://www.google.pl,239612,69,0.291406453,1,0,13,1,25,22,0,0
57,https://www.popads.net,13831,71,0.330796543,0,0,9,1,15,5,0,0
58,https://www.paypal.com,127397,72,0.464538008,0,0,24,1,60,14,0,0
59,https://www.xhamster.com,371012,73,0.426739472,2,1,21,1,707,451,0,0
60,https://www.stackoverflow.com,183832,74,0.317338014,1,0,22,1,116,90,0,0
61,https://www.google.co.id,239143,75,0.290901301,1,0,13,1,25,22,0,0
62,https://www.pinterest.com,385710,77,0.11908978,0,0,45,1,0,0,0,0
63,https://www.diply.com,222958,78,0.340104929,0,0,6,1,88,0,0,0
64,https://www.coinmarketcap.com,451471,79,0.199253113,0,0,50,1,252,51,0,0
65,https://www.gmw.cn,148820,80,0.482021765,0,0,16,1,667,530,0,0
66,https://www.amazon.de,399653,81,0.389522465,3,0,100,1,197,34,0,0
67,https://www.soso.com,5786,82,0.377691441,1,0,3,0,3,3,0,0
68,https://www.google.com.ar,239463,83,0.290901301,1,0,13,1,25,22,0,0
69,https://www.so.com,248826,84,0.312855709,1,0,10,1,76,58,0,0
70,https://www.coccoc.com,121782,85,0.305087197,0,0,42,1,74,40,0,0
71,https://www.adobe.com,39,86,0.006805241,0,0,0,0,0,0,0,0
72,https://www.amazon.in,814849,87,0.355177236,2,0,142,1,390,31,0,0
73,https://www.amazon.co.uk,718707,88,0.298397377,3,0,130,1,339,50,0,0
74,https://www.savefrom.net,17893,89,0.28342293,0,0,3,1,0,0,0,0
75,https://www.xnxx.com,39,90,0.006805241,0,0,0,0,0,0,0,0
76,https://www.dropbox.com,1218316,91,0.355094285,1,0,106,1,126,34,0,0
77,https://www.googleusercontent.com,1591,92,0.020289309,0,0,0,0,1,0,0,0
78,https://www.google.com.ua,239213,93,0.290955011,1,0,13,1,25,22,0,0
79,https://www.nicovideo.jp,181851,94,0.304152245,1,0,64,1,126,124,0,0
80,https://www.google.nl,239066,96,0.289149327,1,0,13,1,25,22,0,0
81,https://www.google.co.th,239052,98,0.291406453,1,0,13,1,25,22,0,0
82,https://www.google.com.pk,240534,99,0.289481225,1,0,13,1,24,21,0,0
83,https://www.tribunnews.com,6598,100,0.257206386,1,0,0,0,1,1,0,0
84,https://www.google.com.sa,223115,101,0.289207825,1,0,11,1,25,22,0,0
85,https://www.thepiratebay.org,5018,102,0.402520663,1,0,7,1,16,8,0,0
86,https://www.espn.com,225285,103,0.409503838,1,0,39,1,200,70,0,0
87,https://www.bbc.co.uk,0,104,0,0,0,0,0,0,0,0,0
88,https://www.bbc.com,524503,106,0.297645874,0,0,30,1,322,19,0,0
89,https://www.google.com.eg,238409,107,0.290772943,1,0,11,1,25,22,0,0
90,https://www.booking.com,524173,108,0.386891799,2,0,129,1,205,85,0,0
91,https://www.soundcloud.com,22107,109,0.139760385,0,0,20,1,9,7,0,0
92,https://www.cnn.com,3177163,110,0.367084396,3,0,72,1,423,258,0,0
93,https://www.nytimes.com,653676,111,0.374913026,1,0,68,1,378,364,0,0
94,https://www.chaturbate.com,1100934,112,0.416951984,17,0,41,1,673,418,0,0
95,https://www.thestartmagazine.com,41323,114,0.119026394,0,0,16,1,0,0,0,0
96,https://www.google.co.za,238868,116,0.289709008,1,0,13,1,24,21,0,0
97,https://www.google.co.ve,239013,117,0.289651625,1,0,13,1,25,22,0,0
98,https://www.naver.com,253079,118,0.322532348,1,0,19,1,126,63,0,0
99,https://www.hitcpm.com,238487,119,0.289597425,1,0,13,1,24,21,0,0
100,https://www.onlinesbi.com,7701,121,0.271268465,0,0,0,0,0,0,0,0
101,https://www.ebay.de,810639,123,0.474860076,1,0,29,1,421,415,0,0
102,https://www.binance.com,3770698,125,0.207208116,0,0,56,1,152,141,0,0
103,https://www.roblox.com,100450,126,0.667425299,0,0,142,1,19,10,0,0
104,https://www.ask.com,107425,127,0.380682893,1,0,33,1,74,72,0,0
105,https://www.xinhuanet.com,150329,128,0.354194239,5,0,18,1,627,574,0,0
106,https://www.aparat.com,358641,129,0.180041615,1,0,55,1,131,23,0,0
107,https://www.iwanttodeliver.com,56,131,0.007858015,0,0,0,0,0,0,0,0
108,https://www.spotify.com,52361,132,0.300144617,0,0,17,1,4,0,0,0
109,https://www.vimeo.com,428052,133,0.288602829,0,0,44,1,124,14,0,0
110,https://www.quora.com,93692,134,0.288156198,0,0,21,1,11,11,0,0
111,https://www.steamcommunity.com,44512,135,0.349532956,3,0,31,1,100,66,0,0
112,https://www.chase.com,135307,136,0.465516288,0,0,34,1,177,116,0,0
113,https://www.zhihu.com,42473,137,0.289213798,1,0,21,1,24,13,0,0
114,https://www.stackexchange.com,99757,138,0.312260958,1,0,7,1,351,331,0,0
115,https://www.discordapp.com,100767,139,0.284863766,1,0,26,1,162,43,0,0
116,https://www.softonic.com,454894,140,0.468414493,1,0,18,1,636,636,0,0
117,https://www.google.gr,239137,141,0.289709008,1,0,13,1,25,22,0,0
118,https://www.fbcdn.net,63176,142,0.47358729,1,1,33,1,47,22,0,0
119,https://www.google.com.ph,238894,143,0.289651625,1,0,13,1,24,21,0,0
120,https://www.mediafire.com,38908,144,0.347732943,2,0,36,1,48,8,0,0
121,https://www.mozilla.org,61609,146,0.42821481,0,0,12,1,158,34,0,0
122,https://www.youth.cn,241458,147,0.444052802,1,0,37,1,394,170,0,0
123,https://www.theguardian.com,987380,148,0.32716114,1,0,26,1,314,64,0,0
124,https://www.google.se,240490,149,0.289212389,1,0,13,1,25,22,0,0
125,https://www.google.be,239313,150,0.290901301,1,0,13,1,25,22,0,0
126,https://www.google.co.ao,239207,152,0.291454439,1,0,13,1,25,22,0,0
127,https://www.google.com.sg,240433,154,0.290955011,1,0,13,1,24,21,0,0
128,https://www.flipkart.com,469508,155,0.289188477,1,0,29,1,358,23,0,0
129,https://www.ebay.co.uk,823600,156,0.468154087,1,0,31,1,426,420,0,0
130,https://www.vice.com,259299,157,0.35955325,1,0,104,1,67,42,0,0
131,https://www.nih.gov,71568,158,0.480670203,2,0,28,1,174,87,0,0
132,https://www.fc2.com,32086,159,0.457918167,0,0,14,1,82,61,0,0
133,https://www.google.az,238979,161,0.289709008,1,0,13,1,25,22,0,0
134,https://www.douyu.com,282201,163,0.326984844,0,0,12,1,275,98,0,0
135,https://www.cnet.com,1354382,164,0.27956728,1,0,103,1,315,48,0,0
136,https://www.blogger.com,166930,165,0.688779696,0,0,4,0,16,0,0,0
137,https://www.google.co.kr,239077,166,0.289149327,1,0,13,1,25,22,0,0
138,https://www.deviantart.com,753527,168,0.263292804,1,0,10,1,220,220,0,0
139,https://www.dailymail.co.uk,1784895,169,0.307774853,1,0,85,1,1217,312,0,0
140,https://www.4chan.org,18384,170,0.296336667,0,0,3,1,0,0,0,0
141,https://www.doubleclick.net,122497,171,0.450534848,0,0,10,1,83,32,0,0
142,https://www.alibaba.com,490191,172,0.313145103,0,0,58,1,222,206,0,0
143,https://www.providr.com,300511,173,0.316753461,1,0,34,1,180,169,0,0
144,https://www.globo.com,160,174,0.025004052,0,0,0,0,0,0,0,0
145,https://www.steampowered.com,563156,175,0.256633712,1,0,22,1,377,343,0,0
146,https://www.mercadolivre.com.br,688549,176,0.257371622,1,0,54,1,147,142,0,0
147,https://www.indeed.com,4219,177,0.235835122,0,0,3,0,1,1,0,0
148,https://www.google.at,239010,178,0.289651625,1,0,13,1,25,22,0,0
149,https://www.google.com.ng,239304,182,0.290955011,1,0,13,1,24,21,0,0
150,https://www.google.com.vn,240626,184,0.289651625,1,0,13,1,25,22,0,0
151,https://www.google.cn,1369,185,0.104248355,0,0,0,0,2,2,0,0
152,https://www.google.com.co,239534,186,0.289149327,1,0,13,1,25,22,0,0
153,https://www.etsy.com,364180,187,0.701545199,3,0,49,1,500,81,0,0
154,https://www.blastingnews.com,434431,189,0.24793106,0,0,14,1,33,27,0,0
155,https://www.force.com,388938,191,0.306743627,1,0,52,1,54,8,0,0
156,https://www.onlinevideoconverter.com,223039,192,0.289207825,1,0,11,1,24,21,0,0
157,https://www.amazon.fr,824344,193,0.387026484,3,0,140,1,406,47,0,0
158,https://www.china.com.cn,39,196,0.006805241,0,0,0,0,0,0,0,0
159,https://www.messenger.com,107349,197,0.280202956,1,1,47,1,42,41,0,0
160,https://www.tokopedia.com,39,198,0.006805241,0,0,0,0,0,0,0,0
161,https://www.mama.cn,130792,199,0.477335794,0,0,33,1,598,515,0,0
162,https://www.google.cz,240575,200,0.290901301,1,0,13,1,25,22,0,0
163,https://www.coinbase.com,17824,201,0.283476804,0,0,3,1,0,0,0,0
164,https://www.sogou.com,13496,203,0.429704277,1,0,11,0,37,30,0,0
165,https://www.google.ro,240569,204,0.289709008,1,0,13,1,25,22,0,0
166,https://www.exoclick.com,181170,205,0.465604804,0,0,16,1,120,108,0,0
167,https://www.walmart.com,206953,206,0.351208325,1,0,76,1,50,22,0,0
168,https://www.yelp.com,294659,207,0.318213505,1,0,60,1,101,20,0,0
169,https://www.babytree.com,12295,208,0.397892284,0,0,8,1,22,16,0,0
170,https://www.amazon.it,585844,209,0.30701203,3,0,124,1,275,80,0,0
171,https://www.google.ch,224512,210,0.288718039,1,0,11,1,25,22,0,0
172,https://www.wikihow.com,584937,211,0.314763309,3,0,103,1,236,29,0,0
173,https://www.google.no,239049,212,0.291406453,1,0,13,1,25,22,0,0
174,https://www.w3schools.com,322998,213,0.268212139,1,0,34,1,696,191,0,0
175,https://www.spankbang.com,18304,215,0.285655049,0,0,4,1,0,0,0,0
176,https://www.google.pt,240563,216,0.289149327,1,0,13,1,25,22,0,0
177,https://www.godaddy.com,293,218,0.008785528,0,0,0,0,0,0,0,0
178,https://www.slideshare.net,311452,219,0.278306038,1,0,20,1,85,85,0,0
179,https://www.metropcs.mobi,21363,221,0.288625722,0,0,14,1,0,0,0,0
180,https://www.speakol.com,233674,222,0.314802704,0,0,101,1,81,68,0,0
181,https://www.kompas.com,271054,223,0.413648462,2,0,78,1,474,454,0,0
182,https://www.google.ae,240548,224,0.290901301,1,0,13,1,25,22,0,0
183,https://www.google.com.pe,222260,226,0.288718039,1,0,11,1,25,22,0,0
184,https://www.google.cl,240628,227,0.290901301,1,0,13,1,25,22,0,0
185,https://www.mega.nz,84228,228,0.278868266,0,0,25,1,141,134,0,0
186,https://www.bankofamerica.com,328611,229,0.365053126,6,1,28,1,198,80,0,0
187,https://www.ladbible.com,153852,230,0.414660239,0,0,35,0,100,17,0,0
188,https://www.bet9ja.com,39,231,0.006805241,0,0,0,0,0,0,0,0
189,https://www.wellsfargo.com,131666,232,0.34907293,6,1,22,1,224,38,0,0
190,https://www.nextoptim.com,148,235,0.007454768,0,0,0,0,0,0,0,0
191,https://www.weather.com,1766424,238,0.23704064,2,0,56,1,271,56,0,0
192,https://www.hulu.com,303158,239,0.273129592,1,0,77,1,54,13,0,0
193,https://www.onoticioso.com,1044,240,0.154213552,0,0,2,0,0,0,0,0
194,https://www.bilibili.com,453516,241,0.198074158,1,0,27,1,125,32,0,0
195,https://www.speedtest.net,198665,242,0.369514431,1,0,28,1,150,57,0,0
196,https://www.ikea.com,154567,243,0.279535224,0,0,17,1,170,170,0,0
197,https://www.slack.com,317207,245,0.455855551,0,0,66,1,240,230,0,0
198,https://www.bukalapak.com,251602,246,0.399772395,0,0,57,1,285,237,0,0
199,https://www.yts.am,50844,248,0.78984136,5,0,14,1,80,70,0,0
200,https://www.google.ie,238397,249,0.289089331,1,0,13,1,24,21,0,0
201,https://www.newstrend.news,65036,250,0.308545828,1,0,13,1,82,79,0,0
202,https://www.abs-cbn.com,289,251,0.008785528,0,0,0,0,0,0,0,0
203,https://www.forbes.com,956198,252,0.320337975,2,0,101,1,183,173,0,0
204,https://www.indiatimes.com,1845488,254,0.27515398,1,0,64,1,216,43,0,0
205,https://www.amazon.es,605682,255,0.370253383,3,0,125,1,255,61,0,0
206,https://www.9gag.com,262320,256,0.081582527,0,0,19,1,14,6,0,0
207,https://www.google.dk,240496,257,0.290901301,1,0,13,1,25,22,0,0
208,https://www.upornia.com,243201,258,0.23682398,0,0,34,1,141,5,0,0
209,https://www.kinopoisk.ru,365439,259,0.291260782,1,0,60,1,211,35,0,0
210,https://www.huanqiu.com,112439,260,0.389063742,0,0,54,1,424,85,0,0
211,https://www.youm7.com,216995,261,0.317526161,1,0,73,1,416,25,0,0
212,https://www.medium.com,632235,262,0.237120804,0,0,26,1,126,52,0,0
213,https://www.zillow.com,15818,263,0.351716282,1,0,3,1,0,0,0,0
214,https://www.tripadvisor.com,1129,264,0.071078424,0,0,2,1,0,0,0,0
215,https://www.gamepedia.com,415495,265,0.186123538,5,0,81,1,118,108,0,0
216,https://www.scribd.com,868029,266,0.273573027,1,0,18,1,171,137,0,0
217,https://www.breitbart.com,213867,267,0.317912052,2,0,24,1,388,359,0,0
218,https://www.wikimedia.org,19064,268,0.181651202,0,0,0,0,24,24,0,0
219,https://www.dkn.tv,244376,269,0.335097089,1,0,34,1,423,397,0,0
220,https://www.kakaku.com,166381,270,0.511510091,1,0,73,1,270,147,0,0
221,https://www.rambler.ru,426421,271,0.267664197,1,0,41,1,93,91,0,0
222,https://www.bittrex.com,99749,272,0.347383227,0,0,14,1,46,34,0,0
223,https://www.sabah.com.tr,5411368,273,0.539214911,6,0,77,1,4345,1884,0,0
224,https://www.ebay-kleinanzeigen.de,177647,274,0.528144099,1,0,56,1,288,39,0,0
225,https://www.foxnews.com,673738,275,0.313524239,1,0,146,1,779,267,0,0
226,https://www.codeonclick.com,148,276,0.007454768,0,0,0,0,0,0,0,0
227,https://www.trello.com,235170,277,0.310078792,3,0,40,1,106,36,0,0
228,https://www.hclips.com,185374,278,0.281115581,0,0,21,1,125,22,0,0
229,https://www.wetransfer.com,70093,279,0.240717087,0,0,20,1,2,1,0,0
230,https://www.intuit.com,672758,280,0.321059957,1,0,74,1,172,166,0,0
231,https://www.google.dz,239523,281,0.290901301,1,0,13,1,25,22,0,0
232,https://www.livejournal.com,816959,282,0.255349753,7,1,31,1,231,177,0,0
233,https://www.liputan6.com,566255,283,0.302615916,2,0,69,1,351,348,0,0
234,https://www.google.fi,224296,284,0.289207825,1,0,11,1,25,22,0,0
235,https://www.google.hu,223220,285,0.290487654,1,0,11,1,25,22,0,0
236,https://www.leboncoin.fr,1121,286,0.071078424,0,0,2,1,0,0,0,0
237,https://www.genius.com,241810,287,0.271419741,1,0,39,1,105,56,0,0
238,https://www.telegram.org,19574,289,0.412579557,0,0,3,0,61,2,0,0
239,https://www.files.wordpress.com,344250,290,0.333996024,1,0,34,1,226,226,0,0
240,https://www.archive.org,6181,291,0.111997916,0,0,31,1,0,0,0,0
241,https://www.aliyun.com,1334863,292,0.39552845,1,0,34,1,1774,1579,0,0
242,https://www.amazon.cn,25750,294,0.289408955,0,0,1,0,15,12,0,0
243,https://www.amazon.ca,7022,295,0.31829166,1,0,7,1,2,2,0,0
244,https://www.huffingtonpost.com,733650,296,0.284682768,0,0,90,1,316,264,0,0
245,https://www.google.co.il,238474,297,0.289597425,1,0,13,1,25,22,0,0
246,https://www.researchgate.net,18320,298,0.285655049,0,0,4,1,0,0,0,0
247,https://www.gmx.net,112542,299,0.161318624,1,0,11,1,1,1,0,0
248,https://www.ltn.com.tw,486226,300,0.394901823,2,0,100,1,410,357,0,0
249,https://www.popcash.net,84649,301,0.424947008,0,0,16,1,58,14,0,0
250,https://www.aol.com,1085086,302,0.295274705,3,0,85,1,288,280,0,0
251,https://www.irctc.co.in,4800,303,0.067472857,0,0,2,1,0,0,0,0
252,https://www.allegro.pl,1115,304,0.071078424,0,0,2,1,0,0,0,0
253,https://www.goodreads.com,39,306,0.006805241,0,0,0,0,0,0,0,0
254,https://www.shutterstock.com,347770,307,0.302492498,0,0,34,1,14,3,0,0
255,https://www.thesaurus.com,606059,308,0.609669698,4,0,46,1,105,77,0,0
256,https://www.zippyshare.com,5252,309,0.276241244,0,0,6,1,5,5,0,0
257,https://www.nownews.com,562953,310,0.404440782,0,0,97,1,445,444,0,0
258,https://www.ameblo.jp,130821,311,0.409048086,0,0,24,1,127,125,0,0
259,https://www.web.de,112545,312,0.161318624,1,0,11,1,1,1,0,0
260,https://www.udemy.com,17813,313,0.28342293,0,0,3,1,0,0,0,0
261,https://www.google.sk,239012,315,0.289651625,1,0,13,1,25,22,0,0
262,https://www.sberbank.ru,39,317,0.006805241,0,0,0,0,0,0,0,0
263,https://www.digikala.com,15478,318,0.118884671,0,0,30,1,0,0,0,0
264,https://www.battle.net,124231,319,0.079416964,0,0,20,1,0,0,0,0
265,https://www.duckduckgo.com,256562,320,0.344311063,1,0,26,0,81,71,0,0
266,https://www.rutracker.org,5428,321,0.232044512,1,0,16,1,2,1,0,0
267,https://www.rumble.com,1037763,322,0.24691006,1,0,8,1,627,1,0,0
268,https://www.airbnb.com,635635,323,0.23756677,1,0,74,1,11,0,0,0
269,https://www.businessinsider.com,263837,325,0.483451651,1,0,73,1,284,97,0,0
270,https://www.ign.com,167332,326,0.382394567,1,0,39,1,158,110,0,0
271,https://www.xfinity.com,293,327,0.008785528,0,0,0,0,0,0,0,0
272,https://www.daum.net,1022856,328,0.299175118,1,0,14,1,317,242,0,0
273,https://www.velocecdn.com,2338,329,0.175148229,0,0,0,0,0,0,0,0
274,https://www.freepik.com,328285,330,0.362700737,1,0,71,1,120,63,0,0
275,https://www.outbrain.com,146513,332,0.440420571,1,0,31,1,90,30,0,0
276,https://www.setn.com,536494,334,0.378873941,1,0,80,1,686,160,0,0
277,https://www.cricbuzz.com,22146,335,0.056813083,0,0,5,0,1,1,0,0
278,https://www.myway.com,31340,337,0.265624913,0,0,3,1,3,3,0,0
279,https://www.hola.com,226980,339,0.369610019,0,0,55,1,319,118,0,0
280,https://www.ouo.io,17195,340,0.28342293,0,0,3,1,0,0,0,0
281,https://www.google.kz,240594,341,0.289149327,1,0,13,1,25,22,0,0
282,https://www.sourceforge.net,73637,342,0.460916228,3,0,33,1,157,18,0,0
283,https://www.canva.com,378686,343,0.355960292,1,0,6,1,1,1,0,0
284,https://www.1337x.to,7261,344,0.462326596,1,0,7,0,43,0,0,0
285,https://www.reverso.net,310677,346,0.230386074,0,0,9,1,60,44,0,0
286,https://www.hp.com,744988,347,0.438279942,0,0,30,1,443,416,0,0
287,https://www.accuweather.com,39,348,0.006805241,0,0,0,0,0,0,0,0
288,https://www.wordreference.com,32512,349,0.805539952,1,0,12,1,105,14,0,0
289,https://www.usps.com,121,350,0.058978755,0,0,1,1,0,0,0,0
290,https://www.varzesh3.com,596183,351,0.408701748,1,0,14,1,958,630,0,0
291,https://www.orange.fr,1915,352,0.101525076,0,0,4,0,0,0,0,0
292,https://www.haber7.com,241817,353,0.34756118,1,0,49,1,406,396,0,0
293,https://www.sciencedirect.com,762971,354,0.147827772,0,0,11,1,12,12,0,0
294,https://www.subject.tmall.com,39,355,0.006805241,0,0,0,0,0,0,0,0
295,https://www.flickr.com,409644,357,0.150377306,1,0,75,1,66,15,0,0
296,https://www.skype.com,104427,358,0.560486178,2,0,46,1,107,103,0,0
297,https://www.zendesk.com,353647,359,0.219582236,0,0,49,1,228,55,0,0
298,https://www.livedoor.com,56064,361,0.405685358,2,0,26,1,109,108,0,0
299,https://www.userapi.com,356,362,0.007858015,0,0,0,0,1,1,0,0
300,https://www.weebly.com,126501,363,0.304453839,0,0,13,1,90,19,0,0
301,https://www.icloud.com,32283,364,0.137047908,0,0,10,0,0,0,0,0
302,https://www.target.com,410477,365,0.291178599,3,0,77,1,71,2,0,0
303,https://www.ntd.tv,96212,366,0.119607244,0,0,44,1,36,20,0,0
304,https://www.ndtv.com,1389052,367,0.287137388,4,0,96,1,593,584,0,0
305,https://www.momoshop.com.tw,3043,368,0.048338771,0,0,3,0,0,0,0,0
306,https://www.feedly.com,0,369,0,0,0,0,0,0,0,0,0
307,https://www.asos.com,290,370,0.008785528,0,0,0,0,0,0,0,0
308,https://www.123movieshub.to,1044,371,0.154213552,0,0,2,0,0,0,0,0
309,https://www.instructure.com,363062,372,0.493506424,2,0,28,1,321,29,0,0
310,https://www.doublepimp.com,20884,373,0.365262675,1,1,19,1,9,2,0,0
311,https://www.siteadvisor.com,579535,374,0.332569013,1,0,20,1,394,89,0,0
312,https://www.rt.com,419444,375,0.31196119,2,0,41,1,250,8,0,0
313,https://www.adf.ly,106794,376,0.201155356,3,0,43,1,22,5,0,0
314,https://www.olx.ua,145242,378,0.276970756,1,0,37,1,86,26,0,0
315,https://www.ouedkniss.com,79969,379,0.289759897,1,0,7,1,15,5,0,0
316,https://www.espncricinfo.com,725993,380,0.270646912,0,0,68,1,322,26,0,0
317,https://www.mailchimp.com,552588,382,0.391939476,2,0,66,1,236,71,0,0
318,https://www.rottentomatoes.com,583447,383,0.18637738,0,0,115,1,371,100,0,0
319,https://www.utorrent.com,307039,384,0.367968286,0,0,31,1,87,32,0,0
320,https://www.uptodown.com,422744,385,0.259779557,1,0,13,1,367,367,0,0
321,https://www.kaskus.co.id,79738,386,0.294823378,0,0,51,1,19,6,0,0
322,https://www.office365.com,438452,387,0.390839337,1,0,48,1,211,190,0,0
323,https://www.ups.com,62,388,0.007858015,0,0,0,0,0,0,0,0
324,https://www.line.me,880368,389,0.215542676,0,0,15,1,195,182,0,0
325,https://www.americanexpress.com,943487,390,0.303780979,1,0,20,1,425,424,0,0
326,https://www.capitalone.com,1186561,392,0.33402547,2,0,104,1,196,191,0,0
327,https://www.mercadolibre.com.ar,734089,393,0.278597034,1,0,57,1,161,154,0,0
328,https://www.iqoption.com,955360,394,0.047927332,0,0,28,1,30,7,0,0
329,https://www.blogspot.com.br,166930,395,0.688779696,0,0,4,0,16,0,0,0
330,https://www.subscene.com,17973,396,0.283476804,0,0,3,1,0,0,0,0
331,https://www.onet.pl,464348,397,0.233582353,1,0,69,1,360,358,0,0
332,https://www.163.com,498859,398,0.485970761,0,0,47,1,1370,1289,0,0
333,https://www.banggood.com,115220,399,0.419666131,1,0,23,1,118,108,0,0
334,https://www.uzone.id,91874,400,0.352922719,0,0,30,1,78,74,0,0
335,https://www.samsung.com,839093,401,0.327960487,8,0,53,1,348,19,0,0
336,https://www.ensonhaber.com,158324,402,0.488205041,0,0,35,1,241,26,0,0
337,https://www.go.com,410026,403,0.124115069,0,0,26,1,134,132,0,0
338,https://www.wish.com,312147,404,0.298858935,1,0,64,1,35,5,0,0
339,https://www.google.com.kw,239211,405,0.290901301,1,0,13,1,25,22,0,0
340,https://www.wp.pl,684759,407,0.468017954,1,0,40,1,371,371,0,0
341,https://www.playstation.com,694092,409,0.277498463,0,0,69,1,207,92,0,0
342,https://www.hdfcbank.com,922335,410,0.389040043,0,0,190,1,918,251,0,0
343,https://www.patreon.com,256579,411,0.73096589,5,0,24,1,162,60,0,0
344,https://www.gismeteo.ru,814682,412,0.062724439,0,0,30,1,117,42,0,0
345,https://www.eskimi.com,139512,413,0.289661554,1,0,57,1,85,19,0,0
346,https://www.oracle.com,319393,414,0.394195983,1,0,40,1,83,30,0,0
347,https://www.dell.com,386168,415,0.446845915,0,0,41,1,259,68,0,0
348,https://www.glassdoor.com,55209,416,0.253526362,1,0,6,1,0,0,0,0
349,https://www.t-online.de,1246239,417,0.263755698,3,0,74,1,1060,83,0,0
350,https://www.theverge.com,928599,418,0.265916918,0,0,64,1,395,26,0,0
351,https://www.giphy.com,204635,419,0.272942354,0,0,53,1,25,14,0,0
352,https://www.slickdeals.net,4336188,420,0.190358768,1,0,114,1,1409,425,0,0
353,https://www.friv.com,893406,421,0.269555202,1,0,25,1,400,4,0,0
354,https://www.sabq.org,1367936,422,0.286637815,0,0,42,1,292,239,0,0
355,https://www.myanimelist.net,39,423,0.006805241,0,0,0,0,0,0,0,0
356,https://www.m73lae5cpmgrv38.com,39,424,0.006805241,0,0,0,0,0,0,0,0
357,https://www.buzzadnetwork.com,148,425,0.007454768,0,0,0,0,0,0,0,0
358,https://www.vtv.vn,260913,427,0.332239729,1,0,68,1,508,38,0,0
359,https://www.doublepimpssl.com,1130,428,0.116638566,0,0,0,0,0,0,0,0
360,https://www.tradingview.com,1329800,429,0.191752916,0,0,60,1,1035,326,0,0
361,https://www.blpmovies.com,11066,430,0.365735965,1,0,6,1,18,1,0,0
362,https://www.ultimate-guitar.com,270588,431,0.251490569,1,0,37,1,405,215,0,0
363,https://www.beeg.com,31704,432,0.234396706,0,0,6,1,17,3,0,0
364,https://www.taleo.net,82656,434,0.456694407,3,0,40,1,167,23,0,0
365,https://www.homedepot.com,788516,435,0.297625597,2,0,58,1,235,69,0,0
366,https://www.mercadolibre.com.mx,779854,436,0.273370919,1,0,55,1,159,148,0,0
367,https://www.free.fr,143680,437,0.41412854,0,0,44,1,90,54,0,0
368,https://www.telegraph.co.uk,788811,438,0.361099885,0,0,133,1,421,75,0,0
369,https://www.elpais.com,747559,439,0.292707216,1,0,48,1,649,645,0,0
370,https://www.google.co.nz,240211,440,0.289651625,1,0,13,1,24,21,0,0
371,https://www.behance.net,1384154,441,0.318053069,2,1,12,1,317,222,0,0
372,https://www.wix.com,1237201,442,0.289097859,0,0,62,1,170,169,0,0
373,https://www.blackboard.com,86389,443,0.477559468,0,0,9,1,182,36,0,0
374,https://www.fedex.com,1716,444,0.012904403,0,0,0,0,0,0,0,0
375,https://www.okdiario.com,1195018,445,0.43188388,1,0,17,1,401,400,0,0
376,https://www.pixabay.com,16951,446,0.28342293,0,0,3,1,0,0,0,0
377,https://www.dmm.co.jp,30814,447,0.15658269,0,0,53,1,2,2,0,0
378,https://www.yadi.sk,211673,448,0.300103279,0,0,6,1,55,55,0,0
379,https://www.ebay.com.au,792170,450,0.475867356,1,0,30,1,421,415,0,0
380,https://www.bloomberg.com,14234,451,0.198217798,0,0,8,1,4,0,0,0
381,https://www.uidai.gov.in,4623,452,0.182318384,0,0,0,0,0,0,0,0
382,https://www.google.lk,238214,453,0.291361774,1,0,13,1,24,21,0,0
383,https://www.taboola.com,108306,454,0.480948876,0,0,72,1,102,85,0,0
384,https://www.seznam.cz,1862,455,0.091940371,0,0,3,1,0,0,0,0
385,https://www.marca.com,753714,456,0.384174738,1,0,76,1,572,561,0,0
386,https://www.taringa.net,5909,457,0.239914169,0,0,5,1,1,1,0,0
387,https://www.informationvine.com,22239,458,0.220015483,0,0,27,1,4,4,0,0
388,https://www.crunchyroll.com,17529,459,0.28342293,0,0,3,1,0,0,0,0
389,https://www.kapanlagi.com,264644,460,0.39526781,1,0,56,1,428,420,0,0
390,https://www.wordpress.org,137883,461,0.251747389,1,0,18,1,79,77,0,0
391,https://www.mi.com,311747,462,0.312133672,0,0,44,1,159,134,0,0
392,https://www.media.tumblr.com,4329,463,0.324956091,1,0,2,0,7,7,0,0
393,https://www.google.bg,239131,464,0.291454439,1,0,13,1,25,22,0,0
394,https://www.merdeka.com,316632,465,0.334387992,1,0,32,1,155,12,0,0
395,https://www.independent.co.uk,417153,466,0.332880155,0,0,39,1,611,85,0,0
396,https://www.flvto.biz,70047,467,0.29764567,1,0,20,0,75,14,0,0
397,https://www.fiverr.com,40410,468,0.236048788,0,0,6,1,0,0,0,0
398,https://www.rediff.com,10874,469,0.087500829,0,0,3,1,35,27,0,0
399,https://www.patch.com,0,472,0,0,0,0,0,0,0,0,0
400,https://www.repubblica.it,763019,473,0.265006286,3,0,30,1,825,657,0,0
401,https://www.ajkzd9h.com,22448,475,0.215221963,0,0,8,1,1,0,0,0
402,https://www.atlassian.net,6474,477,0.109297864,0,0,6,1,0,0,0,0
403,https://www.ebay.it,431843,479,0.552653036,1,0,29,1,395,389,0,0
404,https://www.onedio.com,1023346,480,0.283952261,0,0,75,1,636,15,0,0
405,https://www.kooora.com,32743,481,0.065397037,0,0,3,1,0,0,0,0
406,https://www.evernote.com,135512,482,0.401759028,0,0,28,1,83,19,0,0
407,https://www.gizmodo.com,995393,483,0.280715387,0,0,85,1,444,391,0,0
408,https://www.spiegel.de,1462975,485,0.180011719,2,0,23,1,690,683,0,0
409,https://www.hotstar.com,364440,486,0.278001953,0,0,50,1,85,11,0,0
410,https://www.asus.com,406219,487,0.367831153,0,0,33,1,108,107,0,0
411,https://www.digitaldsp.com,169,488,0.017571057,0,0,0,0,0,0,0,0
412,https://www.dictionary.com,604712,489,0.607022127,4,0,47,1,101,73,0,0
413,https://www.pikabu.ru,497452,490,0.162872593,10,0,49,1,202,94,0,0
414,https://www.discogs.com,17885,493,0.28342293,0,0,3,1,0,0,0,0
415,https://www.citi.com,248,494,0.008785528,0,0,0,0,0,0,0,0
416,https://www.adp.com,325897,495,0.947889347,6,0,73,1,284,26,0,0
417,https://www.thepennyhoarder.com,4678,496,0.238506019,0,0,4,1,1,1,0,0
418,https://www.wowhead.com,2465,498,0.396416525,0,0,0,0,4,1,0,0
419,https://www.wiktionary.org,61051,499,0.645028393,1,0,4,0,196,3,0,0
420,https://www.thebalance.com,0,501,0,0,0,0,0,0,0,0,0
421,https://www.box.com,534959,502,0.439097575,0,0,79,1,159,30,0,0
422,https://www.primevideo.com,400543,503,0.524989853,38,0,54,1,32,13,0,0
423,https://www.oload.stream,39,504,0.006805241,0,0,0,0,0,0,0,0
424,https://www.nike.com,745296,505,0.442457444,0,0,57,1,486,484,0,0
425,https://www.newegg.com,58150,506,0.309379562,0,0,12,1,5,1,0,0
426,https://www.albawabhnews.com,87037,508,0.307353467,2,0,15,1,232,33,0,0
427,https://www.webmd.com,400923,509,0.445033795,1,0,100,1,197,187,0,0
428,https://www.appledaily.com,276924,510,0.319254724,1,0,39,1,60,58,0,0
429,https://www.google.by,238987,511,0.289149327,1,0,13,1,25,22,0,0
430,https://www.olx.pl,224899,512,0.275649791,1,0,43,1,137,37,0,0
431,https://www.convert2mp3.net,39,513,0.006805241,0,0,0,0,0,0,0,0
432,https://www.goo.ne.jp,348038,514,0.470655025,2,0,77,1,437,357,0,0
433,https://www.cambridge.org,1577,515,0.043065734,0,0,1,0,0,0,0,0
434,https://www.manoramaonline.com,951368,516,0.442389612,1,0,65,1,1364,366,0,0
435,https://www.zoho.com,120325,517,0.418666443,2,0,32,1,313,73,0,0
436,https://www.ptt.cc,6433,519,0.415696538,0,0,5,1,42,9,0,0
437,https://www.xda-developers.com,291482,520,0.335959934,1,0,57,1,175,27,0,0
438,https://www.leagueoflegends.com,78765,522,0.122729842,0,0,25,1,0,0,0,0
439,https://www.bles.com,170,523,0.017571057,0,0,0,0,0,0,0,0
440,https://www.chip.de,1111638,524,0.363088181,2,0,49,1,414,413,0,0
441,https://www.libero.it,546154,525,0.330521968,1,0,40,1,739,733,0,0
442,https://www.ibm.com,123169,526,0.079067413,0,0,57,1,1,1,0,0
443,https://www.brilio.net,587121,527,0.314339195,1,0,83,1,418,404,0,0
444,https://www.fidelity.com,39,528,0.006805241,0,0,0,0,0,0,0,0
445,https://www.51sole.com,230,529,0.026730456,0,0,0,0,0,0,0,0
446,https://www.okta.com,318386,531,0.352608977,1,0,90,0,164,144,0,0
447,https://www.nfl.com,902913,532,0.261967136,0,0,95,1,374,276,0,0
448,https://www.t.me,19574,533,0.412579557,0,0,3,0,61,2,0,0
449,https://www.pandora.com,17504,534,0.274015706,0,0,0,0,7,7,0,0
450,https://www.cnbc.com,2842199,535,0.36885358,1,0,97,1,498,219,0,0
451,https://www.mit.edu,52876,537,0.438685947,1,0,20,1,68,27,0,0
452,https://www.icicibank.com,434700,538,0.47803525,4,0,48,1,394,145,0,0
453,https://www.list-manage.com,39,539,0.006805241,0,0,0,0,0,0,0,0
454,https://www.jawabkom.com,123459,540,0.474196998,2,0,49,1,74,11,0,0
455,https://www.nba.com,377595,541,0.40584901,1,0,50,1,144,107,0,0
456,https://www.rolloid.net,47719,543,0.333090124,0,0,6,1,89,87,0,0
457,https://www.ria.ru,723666,544,0.275648785,15,1,146,1,174,115,0,0
458,https://www.urbandictionary.com,130366,545,0.44724044,2,0,27,1,178,43,0,0
459,https://www.wsj.com,1113,546,0.071078424,0,0,2,1,0,0,0,0
460,https://www.sahibinden.com,11986,548,0.087484625,0,0,1,0,1,1,0,0
461,https://www.wixsite.com,1240503,549,0.290246565,0,0,83,1,170,169,0,0
462,https://www.themeforest.net,530070,551,0.302962206,21,0,19,1,527,221,0,0
463,https://www.blog.jp,2043,552,0.380514459,0,0,4,1,2,1,0,0
464,https://www.springer.com,56858,553,0.468537687,0,0,7,1,79,19,0,0
465,https://www.vporn.com,4668,554,0.238506019,0,0,4,1,1,1,0,0
466,https://www.cryptopia.co.nz,417651,555,0.417968281,1,0,31,1,139,7,0,0
467,https://www.thewhizmarketing.com,246,557,0.070844814,0,0,1,1,0,0,0,0
468,https://www.bandcamp.com,927915,558,0.22036938,3,0,19,1,937,591,0,0
469,https://www.upwork.com,17774,559,0.28342293,0,0,3,1,0,0,0,0
470,https://www.google.com.do,238634,561,0.29085078,1,0,13,1,25,22,0,0
471,https://www.sindonews.com,238796,562,0.292344876,3,0,45,1,281,273,0,0
472,https://www.naukri.com,290,563,0.008785528,0,0,0,0,0,0,0,0
473,https://www.poloniex.com,128548,564,0.261787333,0,0,39,1,87,30,0,0
474,https://www.jianshu.com,44064,565,0.376847981,1,0,18,1,65,14,0,0
475,https://www.google.com.ly,240656,568,0.290955011,1,0,13,1,25,22,0,0
476,https://www.shopify.com,477764,569,0.388931511,0,0,2,0,248,127,0,0
477,https://www.idntimes.com,445549,571,0.315930401,0,0,108,1,528,509,0,0
478,https://www.drom.ru,240753,574,0.273497874,2,0,44,1,345,342,0,0
479,https://www.wattpad.com,57746,575,0.326665873,1,0,7,1,60,59,0,0
480,https://www.linkshrink.net,17714,576,0.283476804,0,0,3,1,0,0,0,0
481,https://www.filehippo.com,175403,577,0.444385215,1,0,43,1,85,84,0,0
482,https://www.google.com.mm,239504,579,0.290901301,1,0,13,1,25,22,0,0
483,https://www.theepochtimes.com,1455601,580,0.256688372,0,0,93,1,1138,73,0,0
484,https://www.wiley.com,5461,581,0.23808722,0,0,4,0,1,1,0,0
485,https://www.ck101.com,135550,582,0.31457187,2,0,25,1,199,151,0,0
486,https://www.hubspot.com,379758,583,0.368929578,0,0,33,1,148,143,0,0
487,https://www.hm.com,286,584,0.008785528,0,0,0,0,0,0,0,0
488,https://www.reundcwkqvctq.com,323,585,0.008785528,0,0,0,0,0,0,0,0
489,https://www.investing.com,1290711,586,0.279453246,0,0,90,1,524,15,0,0
490,https://www.lifehacker.com,139649,587,0.313576178,1,0,33,1,228,37,0,0
491,https://www.weblio.jp,96787,588,0.510957983,1,0,27,1,326,325,0,0
492,https://www.investopedia.com,270009,591,0.43759814,2,0,15,1,245,223,0,0
493,https://www.bild.de,1543718,592,0.285060404,0,0,50,1,586,330,0,0
494,https://www.humblebundle.com,309235,593,0.343892787,0,0,25,1,207,20,0,0
495,https://www.lapatilla.com,384348,594,0.338713516,2,0,51,1,530,523,0,0
496,https://www.hurriyet.com.tr,0,595,0,0,0,0,0,0,0,0,0
497,https://www.baike.com,78997,596,0.15388717,0,0,27,1,11,4,0,0
498,https://www.elfagr.com,106753,597,0.325767095,1,0,35,1,255,14,0,0
499,https://www.ieee.org,255,598,0.007028423,0,0,0,0,1,0,0,0
500,https://www.engadget.com,231183,599,0.402035222,1,0,51,1,236,57,0,0
501,https://www.souq.com,232145,600,0.304926411,2,0,45,1,47,0,0,0
502,https://www.fromdoctopdf.com,578,601,0.111376899,0,0,0,0,0,0,0,0
503,https://www.gyazo.com,23784,603,0.429687386,0,0,20,1,60,19,0,0
504,https://www.livescore.com,63748,604,0.205305642,0,0,25,1,52,10,0,0
505,https://www.bet365.com,4219,605,0.235835122,0,0,3,0,1,1,0,0
506,https://www.wunderground.com,253811,607,0.225515547,0,0,32,1,59,33,1,0
507,https://www.pantip.com,169161,608,0.350530556,0,0,24,1,408,259,0,0
508,https://www.xe.com,473180,609,0.236954336,0,0,63,1,137,29,0,0
509,https://www.4shared.com,74402,610,0.315659553,5,1,61,1,118,95,0,0
510,https://www.goal.com,342281,611,0.379753778,0,0,41,1,300,101,0,0
511,https://www.google.rs,239213,612,0.290955011,1,0,13,1,25,22,0,0
512,https://www.vidio.com,312888,613,0.38456384,1,0,53,1,148,14,0,0
513,https://www.moneycontrol.com,9528,614,0.181698047,0,0,13,1,2,2,0,0
514,https://www.addroplet.com,25764,616,0.238748095,0,0,28,1,2,0,0,0
515,https://www.paytm.com,339595,617,0.280959193,0,0,8,1,1452,1449,0,0
516,https://www.groupon.com,39,618,0.006805241,0,0,0,0,0,0,0,0
517,https://www.stockstar.com,67365,619,0.414032248,5,0,7,1,410,321,0,0
518,https://www.google.hr,224309,620,0.289207825,1,0,11,1,25,22,0,0
519,https://www.express.co.uk,971059,621,0.268557226,3,0,151,1,501,136,0,0
520,https://www.telewebion.com,91060,624,0.276771036,0,0,26,1,59,34,0,0
521,https://www.java.com,10777,625,0.099618527,0,0,5,1,0,0,0,0
522,https://www.grid.id,144940,626,0.3668496,0,0,73,1,215,213,0,0
523,https://www.debate.com.mx,3712,627,0.122296299,0,0,4,1,3,3,0,0
524,https://www.wp.com,345239,628,0.332146744,1,0,34,1,226,226,0,0
525,https://www.att.com,966414,630,0.323115358,1,0,36,1,44,7,0,0
526,https://www.nmisr.com,4219,632,0.235835122,0,0,3,0,1,1,0,0
527,https://www.cnzz.com,401283,633,0.303601592,0,0,52,1,79,74,0,0
528,https://www.olx.com.br,5458,634,0.23808722,0,0,4,0,1,1,0,0
529,https://www.newtabtv.com,15101,635,0.438921635,0,0,12,1,3,0,0,0
530,https://www.reuters.com,1121,636,0.071078424,0,0,2,1,0,0,0,0
531,https://www.kumparan.com,4221,639,0.235835122,0,0,3,0,1,1,0,0
532,https://www.squarespace.com,247902,640,0.324110592,1,0,70,1,191,55,0,0
533,https://www.blogspot.com.es,166930,641,0.688779696,0,0,4,0,16,0,0,0
534,https://www.xx1.me,23172,642,0.21911443,0,0,9,1,2,1,0,0
535,https://www.chinadaily.com.cn,134883,643,0.402221969,1,0,29,1,443,156,0,0
536,https://www.coursera.org,888569,644,0.378534065,0,0,21,1,121,81,0,0
537,https://www.nur.kz,510457,645,0.379681543,0,0,56,1,339,329,0,0
538,https://www.nocookie.net,66115,647,0.300226317,0,0,34,1,41,35,0,0
539,https://www.drive2.ru,5896,648,0.269055961,0,0,3,1,1,1,0,0
540,https://www.as.com,957793,649,0.279282172,1,0,72,1,545,434,0,0
541,https://www.sarkariresult.com,109999,650,0.449099519,0,0,63,1,196,195,0,0
542,https://www.dmm.com,280959,651,0.370826663,1,0,63,1,316,315,0,0
543,https://www.cdiscount.com,5781,652,0.145400493,0,0,0,0,0,0,0,0
544,https://www.zoom.us,796628,653,0.339328895,0,0,115,1,394,348,0,0
545,https://www.epochtimes.com,252605,655,0.324012617,2,0,35,1,684,537,0,0
546,https://www.caliente.mx,0,656,0,0,0,0,0,0,0,0,0
547,https://www.readms.net,1156,657,0.154213552,0,0,2,0,0,0,0,0
548,https://www.comcast.net,291,658,0.008785528,0,0,0,0,0,0,0,0
549,https://www.hatena.ne.jp,293927,659,0.353989153,1,0,26,1,417,416,0,0
550,https://www.rutube.ru,1285265,660,0.285122363,1,0,53,1,406,14,0,0
551,https://www.bleacherreport.com,2297690,661,0.232945656,0,0,26,1,147,133,0,0
552,https://www.tutorialspoint.com,292873,663,0.430634143,0,0,43,1,419,118,0,0
553,https://www.ebc.net.tw,117608,664,0.368808184,0,0,62,1,56,31,0,0
554,https://www.uploaded.net,39,665,0.006805241,0,0,0,0,0,0,0,0
555,https://www.elmundo.es,465879,666,0.372225608,0,0,61,1,416,409,0,0
556,https://www.getpocket.com,285573,667,0.335868396,0,0,32,1,81,19,0,0
557,https://www.kissasian.ch,100094,668,0.158044627,1,0,16,1,502,5,0,0
558,https://www.npr.org,272606,669,0.406553069,0,0,32,1,215,144,0,0
559,https://www.intel.com,607472,670,0.409791917,1,0,125,1,68,32,0,0
560,https://www.japanpost.jp,88947,671,0.573287386,3,0,22,1,316,86,0,0
561,https://www.expedia.com,214749,672,0.251924478,0,0,12,1,1,0,0,0
562,https://www.gsmarena.com,64194,673,0.352580063,2,1,15,1,208,18,0,0
563,https://www.givemesport.com,336844,674,0.325503382,1,0,46,1,207,14,0,0
564,https://www.gamer.com.tw,542399,677,0.302904938,1,0,64,1,301,48,0,0
565,https://www.epicgames.com,31416,678,0.282235064,1,0,4,1,0,0,0,0
566,https://www.y8.com,368312,680,0.446020837,6,0,21,1,195,112,0,0
567,https://www.mercadolibre.com.ve,452254,681,0.32854592,1,0,37,1,104,102,0,0
568,https://www.intactoffers.club,1176,682,0.154213552,0,0,2,0,0,0,0,0
569,https://www.beytoote.com,229700,684,0.437150474,1,0,49,1,850,10,0,0
570,https://www.lifewire.com,228419,685,0.360166798,1,0,16,1,209,195,0,0
571,https://www.thefreedictionary.com,191500,686,0.338585911,2,0,37,1,304,78,0,0
572,https://www.hotels.com,39,687,0.006805241,0,0,0,0,0,0,0,0
573,https://www.discover.com,159897,688,0.52233006,3,1,68,1,212,157,0,0
574,https://www.quizlet.com,164531,689,0.316866321,1,0,3,1,0,0,0,0
575,https://www.thehill.com,17976,690,0.345945933,1,0,4,1,2,1,0,0
576,https://www.op.gg,17451,691,0.28342293,0,0,3,1,0,0,0,0
577,https://www.uptobox.com,980,692,0.036723852,0,0,1,1,1,1,0,0
578,https://www.asana.com,539133,693,0.389519203,0,0,140,1,175,39,0,0
579,https://www.macys.com,338,694,0.008785528,0,0,0,0,0,0,0,0
580,https://www.lenta.ru,501768,695,0.289360421,0,0,25,1,203,9,0,0
581,https://www.kizlarsoruyor.com,17938,696,0.28342293,0,0,3,1,0,0,0,0
582,https://www.kinokrad.co,12050,697,0.175710566,0,0,1,0,1,1,0,0
583,https://www.videodownloadconverter.com,39,699,0.006805241,0,0,0,0,0,0,0,0
584,https://www.academia.edu,199735,701,0.288134149,0,0,35,1,294,143,0,0
585,https://www.hashflare.io,122406,702,0.321166372,5,0,43,1,14,6,0,0
586,https://www.kickstarter.com,17888,703,0.28342293,0,0,3,1,0,0,0,0
587,https://www.knowyourmeme.com,71306,704,0.49954955,2,0,56,1,197,157,0,0
588,https://www.surveymonkey.com,426039,705,0.295726888,0,0,67,1,190,14,0,0
589,https://www.nordstrom.com,211172,706,0.069412469,0,0,2,0,0,0,0,0
590,https://www.prothomalo.com,3335862,708,0.279167008,0,0,32,1,303,285,0,0
591,https://www.zone-telechargement1.com,39,709,0.006805241,0,0,0,0,0,0,0,0
592,https://www.blogspot.mx,166930,710,0.688779696,0,0,4,0,16,0,0,0
593,https://www.eyny.com,126074,712,0.430767052,2,1,18,1,969,50,0,0
594,https://www.gmarket.co.kr,790184,713,0.289307027,1,0,25,1,743,711,0,0
595,https://www.southwest.com,111621,716,0.199059882,1,0,56,1,85,25,0,0
596,https://www.eanswers.com,1063,717,0.06237306,0,0,1,1,0,0,0,0
597,https://www.torrent9.bz,1372,718,0.154213552,0,0,2,0,0,0,0,0
598,https://www.etherscan.io,17513,719,0.28342293,0,0,3,1,0,0,0,0
599,https://www.verizonwireless.com,501116,720,0.416294184,0,0,32,1,288,223,0,0
600,https://www.lenovo.com,538606,721,0.348705465,1,0,46,1,157,149,0,0
601,https://www.khanacademy.org,359901,722,0.398144225,0,0,23,1,206,23,0,0
602,https://www.mellowads.com,246,725,0.070844814,0,0,1,1,0,0,0,0
603,https://www.doorblog.jp,2043,726,0.380514459,0,0,4,1,2,1,0,0
604,https://www.ca.gov,57147,727,0.333757156,2,0,26,1,59,33,0,0
605,https://www.timeanddate.com,74572,728,0.888331167,4,0,19,1,180,9,0,0
606,https://www.zapmeta.ws,110580,730,0.483810524,1,0,7,0,14,6,0,0
607,https://www.tistory.com,30783,731,0.317877065,1,0,16,1,51,39,0,0
608,https://www.interia.pl,619404,732,0.355166699,1,0,114,1,668,611,0,0
609,https://www.google.com.ec,239198,733,0.291406453,1,0,13,1,25,22,0,0
610,https://www.nypost.com,1489858,734,0.357075256,1,0,117,1,517,495,0,0
611,https://www.drudgereport.com,36902,735,0.053188708,2,0,24,1,227,222,0,0
612,https://www.infusionsoft.com,18478,738,0.296336667,0,0,3,1,0,0,0,0
613,https://www.hespress.com,234674,739,0.433541757,2,0,32,1,303,295,0,0
614,https://www.bitcointalk.org,115618,740,0.046742573,1,0,8,1,401,398,0,0
615,https://www.disqus.com,24969,741,0.377084726,0,0,14,1,59,33,0,0
616,https://www.corriere.it,856313,742,0.350878007,4,0,88,1,1163,1075,0,0
617,https://www.el-nacional.com,4673,745,0.238506019,0,0,4,1,1,1,0,0
618,https://www.kijiji.ca,1042986,746,0.131558353,2,0,58,1,245,22,0,0
619,https://www.premierleague.com,488564,748,0.337158809,0,0,34,1,316,86,0,0
620,https://www.popmyads.com,18581,749,0.360208403,0,0,19,0,22,2,0,0
621,https://www.kucoin.com,239064,750,0.28126712,0,0,33,1,113,90,0,0
622,https://www.jw.org,39,752,0.006805241,0,0,0,0,0,0,0,0
623,https://www.norton.com,331357,753,0.370081332,3,0,44,1,188,179,0,0
624,https://www.blueseek.com,39,754,0.006805241,0,0,0,0,0,0,0,0
625,https://www.adexchangecloud.com,148,755,0.007454768,0,0,0,0,0,0,0,0
626,https://www.easypdfcombine.com,581,756,0.111376899,0,0,0,0,0,0,0,0
627,https://www.google.tn,240526,757,0.289149327,1,0,13,1,25,22,0,0
628,https://www.0123movies.com,6573,758,0.184012285,0,0,1,0,5,5,0,0
629,https://www.techcrunch.com,2809399,759,0.305032918,1,0,64,1,127,20,0,0
630,https://www.lemonde.fr,387819,760,0.386009685,0,0,28,1,310,294,0,0
631,https://www.divar.ir,313212,761,0.197615151,0,0,37,1,22,9,0,0
632,https://www.artstation.com,18584,763,0.296336667,0,0,3,1,0,0,0,0
633,https://www.autodesk.com,292,764,0.008785528,0,0,0,0,0,0,0,0
634,https://www.fbsbx.com,111,765,0.007858015,0,0,0,0,0,0,0,0
635,https://www.hatenablog.com,22558,769,0.470228303,0,0,17,1,34,32,0,0
636,https://www.zara.com,286,770,0.008785528,0,0,0,0,0,0,0,0
637,https://www.coingecko.com,1162300,772,0.206100644,6,0,31,1,364,82,0,0
638,https://www.milliyet.com.tr,360801,773,0.443030672,1,0,56,1,454,138,0,0
639,https://www.yaplakal.com,18574,775,0.296336667,0,0,3,1,0,0,0,0
640,https://www.eventbrite.com,173008,776,0.515020327,0,0,69,1,105,94,0,0
641,https://www.rbc.ru,234544,777,0.367660749,2,0,58,1,266,213,0,0
642,https://www.elmogaz.com,220534,778,0.364377695,3,0,37,1,281,19,0,0
643,https://www.1and1.com,583348,780,0.357622237,1,0,70,1,203,53,0,0
644,https://www.ecosia.org,17874,781,0.283476804,0,0,3,1,0,0,0,0
645,https://www.google.com.my,236980,782,0.290772943,1,0,11,1,24,21,0,0
646,https://www.eksisozluk.com,160398,783,0.40845791,2,0,47,1,191,25,0,0
647,https://www.tomshardware.com,718445,784,0.309167053,1,0,94,1,140,137,0,0
648,https://www.sportbible.com,346780,785,0.403988768,3,0,45,0,174,16,0,0
649,https://www.techradar.com,1436156,786,0.346867257,1,0,93,1,308,307,0,0
650,https://www.stanford.edu,149537,788,0.37117235,1,0,24,1,99,80,0,0
651,https://www.ccm.net,376382,789,0.459951574,3,0,91,1,247,245,0,0
652,https://www.allrecipes.com,248743,790,0.389453691,3,0,16,1,295,262,0,0
653,https://www.wtoip.com,39,791,0.006805241,0,0,0,0,0,0,0,0
654,https://www.google.lt,239315,792,0.289149327,1,0,13,1,25,22,0,0
655,https://www.douban.com,80531,793,0.497923962,1,0,18,1,413,396,0,0
656,https://www.namasha.com,786732,794,0.193182213,2,0,14,1,123,110,0,0
657,https://www.time.com,424768,795,0.408195084,11,0,68,1,227,145,0,0
658,https://www.ebay.fr,265079,796,0.580702766,1,0,30,1,349,343,0,0
659,https://www.duolingo.com,506455,798,0.045662998,0,0,26,1,113,24,0,0
660,https://www.subito.it,62842,801,0.402293666,1,0,27,1,214,213,0,0
661,https://www.python.org,60977,802,0.464389469,1,0,14,1,211,69,0,0
662,https://www.google.tm,238967,803,0.291454439,1,0,13,1,25,22,0,0
663,https://www.mirror.co.uk,1080016,805,0.278850737,0,0,87,1,771,758,0,0
664,https://www.tomsguide.com,915367,806,0.319926337,1,0,95,1,139,136,0,0
665,https://www.okcupid.com,124328,807,0.325168305,0,0,13,1,2,1,0,0
666,https://www.webex.com,291,808,0.008785528,0,0,0,0,0,0,0,0
667,https://www.lefigaro.fr,867186,809,0.404292164,1,0,52,1,649,638,0,0
668,https://www.merriam-webster.com,279065,810,0.843499668,4,0,46,1,178,39,0,0
669,https://www.ask.fm,20787,811,0.32437601,1,1,7,1,55,48,0,0
670,https://www.youjizz.com,142404,814,0.662088801,2,0,24,1,378,5,0,0
671,https://www.grammarly.com,352213,815,0.412278685,0,0,50,1,124,124,0,0
672,https://www.mobile01.com,17914,816,0.28342293,0,0,3,1,0,0,0,0
673,https://www.badoo.com,90898,817,0.299809161,1,0,27,1,82,27,0,0
674,https://www.goo.gl,1671,818,0.020289309,0,0,0,0,1,0,0,0
675,https://www.realtor.com,7518,819,0.324245655,0,0,6,1,0,0,0,0
676,https://www.nhk.or.jp,183790,820,0.688174751,0,0,15,1,213,198,0,0
677,https://www.cryptocompare.com,447931,822,0.35214776,2,0,30,1,406,45,0,0
678,https://www.tvbs.com.tw,128546,823,0.238215877,1,0,17,1,270,259,0,0
679,https://www.ruten.com.tw,75149,824,0.430430792,0,0,24,1,103,103,0,0
680,https://www.google.com.gt,240576,825,0.289709008,1,0,13,1,25,22,0,0
681,https://www.4pda.ru,401555,826,0.288591874,3,0,12,1,490,369,0,0
682,https://www.bhphotovideo.com,17890,827,0.283476804,0,0,3,1,0,0,0,0
683,https://www.jeuxvideo.com,319972,829,0.265076887,1,0,64,1,332,16,0,0
684,https://www.okezone.com,821,830,0.020964335,0,0,0,0,0,0,0,0
685,https://www.allocine.fr,544429,831,0.28586505,2,0,19,1,378,42,0,0
686,https://www.putlockers.fm,31360,832,0.29097267,0,0,5,1,4,3,0,0
687,https://www.kayak.com,460657,833,0.296593311,1,0,18,1,418,76,0,0
688,https://www.usnews.com,39,834,0.006805241,0,0,0,0,0,0,0,0
689,https://www.sonyliv.com,2796189,835,0.329361323,0,0,57,1,123,22,0,0
690,https://www.banesconline.com,1092,836,0.207316523,0,0,0,0,0,0,0,0
691,https://www.cam4.com,260238,837,0.170299897,0,0,72,1,74,22,0,0
692,https://www.elbalad.news,4221,838,0.235835122,0,0,3,0,1,1,0,0
693,https://www.urdupoint.com,291648,839,0.638884753,2,0,70,1,585,582,0,0
694,https://www.pinterest.co.uk,384259,840,0.120496944,0,0,45,1,0,0,0,0
695,https://www.metropoles.com,643917,841,0.292639523,1,0,77,1,351,351,0,0
696,https://www.healthline.com,253740,842,0.460247064,1,0,53,1,168,101,0,0
697,https://www.fanfiction.net,17582,843,0.283476804,0,0,3,1,0,0,0,0
698,https://www.smallpdf.com,241168,845,0.401964042,0,0,16,1,126,34,0,0
699,https://www.udn.com,424834,846,0.242635508,2,0,93,1,640,577,0,0
700,https://www.prezi.com,89080,847,0.283283356,0,0,53,1,114,16,0,0
701,https://www.weatherblink.com,578,848,0.111376899,0,0,0,0,0,0,0,0
702,https://www.zaful.com,821,849,0.020964335,0,0,0,0,0,0,0,0
703,https://www.gstatic.com,1591,850,0.020289309,0,0,0,0,1,0,0,0
704,https://www.mobile.de,2591,851,0.00971322,0,0,0,0,0,0,0,0
705,https://www.theatlantic.com,276993,852,0.383631812,2,0,17,1,231,184,0,0
706,https://www.irs.gov,203197,853,0.498000817,2,0,34,1,302,302,0,0
707,https://www.mathrubhumi.com,431291,856,0.383974763,1,0,102,1,484,133,0,0
708,https://www.cbssports.com,769063,857,0.479651361,1,0,106,1,511,172,0,0
709,https://www.costco.com,39,859,0.006805241,0,0,0,0,0,0,0,0
710,https://www.discuss.com.hk,17876,860,0.283476804,0,0,3,1,0,0,0,0
711,https://www.gotporn.com,285277,861,0.307095168,1,0,5,1,986,124,0,0
712,https://www.thewhizproducts.com,23239,862,0.214180035,0,0,8,1,1,0,0,0
713,https://www.chron.com,15153,863,0.353505802,1,0,4,1,0,0,0,0
714,https://www.europa.eu,80463,865,0.447470872,1,0,18,1,129,64,0,0
715,https://www.5ch.net,556,866,0.064828627,0,0,1,0,0,0,0,0
716,https://www.blogfa.com,7662,868,0.427265633,0,0,2,1,27,9,0,0
717,https://www.socialblade.com,749047,869,0.352686221,0,0,2,1,4,3,0,0
718,https://www.gazetaexpress.com,17419,870,0.285655049,0,0,4,1,0,0,0,0
719,https://www.cbsnews.com,569601,872,0.437031402,0,0,26,1,288,152,0,0
720,https://www.cisco.com,106421,873,0.304458859,0,0,22,1,53,36,0,0
721,https://www.xtube.com,1729,874,0.15004146,0,0,0,0,6,6,0,0
722,https://www.myanmarload.com,56029,875,0.285582229,0,0,23,1,73,3,0,0
723,https://www.namu.wiki,164524,876,0.260547204,1,0,10,1,161,25,0,0
724,https://www.kotaku.com,836182,877,0.299365395,0,0,79,1,209,172,0,0
725,https://www.nametests.com,4997,878,0.116907995,0,0,0,0,12,3,0,0
726,https://www.myfitnesspal.com,634053,880,0.254567505,0,0,52,1,45,16,0,0
727,https://www.ea.com,39,881,0.006805241,0,0,0,0,0,0,0,0
728,https://www.google.si,240872,882,0.290955011,1,0,13,1,25,22,0,0
729,https://www.alodokter.com,51366,883,0.20120333,0,0,34,1,12,0,0,0
730,https://www.zing.vn,239895,884,0.256095609,1,0,33,1,159,2,0,0
731,https://www.freejobalert.com,109995,885,0.498495999,1,0,45,1,311,304,0,0
732,https://www.worldoftanks.ru,405839,886,0.29747081,0,0,120,1,251,120,0,0
733,https://www.skysports.com,409586,887,0.342732067,0,0,44,1,252,49,0,0
734,https://www.boredpanda.com,1158927,888,0.261984039,6,0,93,1,989,371,0,0
735,https://www.latimes.com,1028485,889,0.358777563,2,0,50,1,525,519,0,0
736,https://www.liveinternet.ru,50804,890,0.51593589,5,0,38,1,98,58,0,0
737,https://www.labanquepostale.fr,285724,891,0.339147787,1,0,7,1,275,31,0,0
738,https://www.gosuslugi.ru,2921,892,0.252032002,0,0,3,1,3,0,0,0
739,https://www.yandex.kz,326430,893,0.350773578,1,0,22,1,36,36,0,0
740,https://www.google.iq,240384,894,0.291406453,1,0,13,1,25,22,0,0
741,https://www.chess.com,62963,895,0.26551757,4,1,29,1,44,44,0,0
742,https://www.jiameng.com,39,896,0.006805241,0,0,0,0,0,0,0,0
743,https://www.hawaaworld.com,264370,897,0.21821948,0,0,31,1,98,95,0,0
744,https://www.meetup.com,189840,898,0.294028745,1,0,28,1,72,66,0,0
745,https://www.americanas.com.br,39,900,0.006805241,0,0,0,0,0,0,0,0
746,https://www.instructables.com,147753,901,0.206876903,1,0,11,1,183,8,0,0
747,https://www.xbox.com,756533,902,0.431633082,1,0,68,1,151,148,0,0
748,https://www.jimdo.com,680122,903,0.368599403,0,0,28,1,64,18,0,0
749,https://www.commentcamarche.net,451718,904,0.453954117,3,0,119,1,332,329,0,0
750,https://www.dream.co.id,304427,905,0.307007087,1,0,25,1,122,1,0,0
751,https://www.azlyrics.com,254930,907,0.313987971,2,0,44,1,79,1,0,0
752,https://www.google.com.af,240704,908,0.290955011,1,0,13,1,25,22,0,0
753,https://www.superuser.com,201504,909,0.404670188,1,0,26,1,208,77,0,0
754,https://www.harvard.edu,223327,910,0.361122171,1,0,28,1,181,175,0,0
755,https://www.agoda.com,18274,911,0.092536264,0,0,3,0,0,0,0,0
756,https://www.chatwork.com,42627,912,0.340324356,3,0,26,1,6,6,0,0
757,https://www.trustpilot.com,291762,914,0.305786427,1,0,37,1,220,33,0,0
758,https://www.17track.net,17441,915,0.28342293,0,0,3,1,0,0,0,0
759,https://www.coindesk.com,8081665,916,0.536587554,6,0,29,1,3891,1640,0,0
760,https://www.ninisite.com,295618,917,0.335816801,4,1,13,1,291,10,0,0
761,https://www.news.com.au,1304,918,0.279805209,0,0,0,0,1,1,0,0
762,https://www.waudeesestew.com,1048,919,0.154213552,0,0,2,0,0,0,0,0
763,https://www.delta.com,192,920,0.008785528,0,0,0,0,0,0,0,0
764,https://www.nature.com,250307,922,0.418494157,2,0,20,1,140,66,0,0
765,https://www.td.com,258295,923,0.423130898,0,0,36,1,174,41,0,0
766,https://www.selectedvideos.club,39,926,0.006805241,0,0,0,0,0,0,0,0
767,https://www.indiamart.com,626744,928,0.458674379,3,0,32,1,1083,1058,0,0
768,https://www.kraken.com,45295,929,0.267136456,1,0,4,1,1,0,0,0
769,https://www.blibli.com,39,930,0.006805241,0,0,0,0,0,0,0,0
770,https://www.lowes.com,39,931,0.006805241,0,0,0,0,0,0,0,0
771,https://www.secureserver.net,108617,932,0.176170097,0,0,20,1,1,1,0,0
772,https://www.ticketmaster.com,318834,933,0.311481472,1,0,43,1,110,57,0,0
773,https://www.avast.com,239224,935,0.33042429,0,0,64,1,201,40,0,0
774,https://www.voot.com,127321,936,0.276953201,0,0,17,1,12,10,0,0
775,https://www.android.com,889455,937,0.409433747,4,0,31,1,90,43,0,0
776,https://www.mileroticos.com,18295,938,0.285655049,0,0,4,1,0,0,0,0
777,https://www.nbcnews.com,2148926,939,0.328993075,2,0,184,1,505,495,0,0
778,https://www.sputniknews.com,386811,940,0.191514549,2,0,86,1,215,34,0,0
779,https://www.myntra.com,39,941,0.006805241,0,0,0,0,0,0,0,0
780,https://www.reimageplus.com,39,943,0.006805241,0,0,0,0,0,0,0,0
781,https://www.buyma.com,142826,944,0.491592633,1,0,83,1,397,26,0,0
782,https://www.worldstarhiphop.com,281927,945,0.262646653,2,0,87,1,561,521,0,0
783,https://www.avg.com,360788,946,0.373744644,0,0,83,1,256,51,0,0
784,https://www.issuu.com,4684559,947,0.537512733,7,0,17,1,3357,1582,0,0
785,https://www.sinoptik.ua,73666,948,0.287167117,1,0,47,1,30,0,0,0
786,https://www.voirfilms.ws,1040,949,0.154213552,0,0,2,0,0,0,0,0
787,https://www.bookmyshow.com,5462,951,0.23808722,0,0,4,0,1,1,0,0
788,https://www.mercari.com,724733,953,0.280072275,0,0,190,1,207,29,0,0
789,https://www.blockchain.info,18605,955,0.296336667,0,0,3,1,0,0,0,0
790,https://www.mp3teca.com,39,956,0.006805241,0,0,0,0,0,0,0,0
791,https://www.dianping.com,173624,957,0.282092654,0,0,20,1,523,45,0,0
792,https://www.egy.best,30651,958,0.28996702,0,0,5,1,2,1,0,0
793,https://www.hitbtc.com,7425622,959,0.08812296,1,0,9,1,23,3,0,0
794,https://www.usaa.com,51588,960,0.462013566,0,0,7,1,110,2,0,0
795,https://www.vseigru.net,187632,961,0.066658975,1,0,13,1,487,0,0,0
796,https://www.elsevier.com,175514,962,0.280046514,0,0,25,1,66,19,0,0
797,https://www.kakao.com,136752,963,0.210024963,0,0,16,1,136,61,0,0
798,https://www.wayfair.com,16933,964,0.351807063,1,0,4,1,0,0,0,0
799,https://www.imagetwist.com,12672,965,0.499989108,1,0,16,1,18,14,0,0
800,https://www.westernjournal.com,383440,967,0.357709747,2,0,101,1,224,202,0,0
801,https://www.dafont.com,39760,968,0.376311611,5,0,25,1,181,8,0,0
802,https://www.livestrong.com,484695,970,0.303170883,2,0,33,1,87,24,0,0
803,https://www.bitconnect.co,1283958,971,0.300545577,0,0,64,1,123,122,0,0
804,https://www.tempo.co,1195876,972,0.274248306,4,0,115,1,353,316,0,0
805,https://www.bitly.com,81171,973,0.381076269,3,0,27,1,116,109,0,0
806,https://www.nikkei.com,672423,975,0.441765907,1,0,13,1,1800,1551,0,0
807,https://www.cbc.ca,39,976,0.006805241,0,0,0,0,0,0,0,0
808,https://www.pcgamer.com,1242626,978,0.310887182,2,0,111,1,166,143,0,0
809,https://www.howtogeek.com,324824,979,0.327088675,1,0,41,1,206,8,0,0
810,https://www.prnt.sc,144,980,0.007454768,0,0,0,0,0,0,0,0
811,https://www.food.tmall.com,662,981,0.067092912,0,0,2,0,0,0,0,0
812,https://www.polygon.com,413598,983,0.201433135,1,0,116,1,266,213,0,0
813,https://www.mathworks.com,166930,984,0.374534086,1,0,53,1,175,24,0,0
814,https://www.psu.edu,66925,986,0.508213271,1,0,44,1,145,71,0,0
815,https://www.hamariweb.com,164626,987,0.332089107,1,0,43,1,481,191,0,0
816,https://www.ebay.in,600566,988,0.287093578,3,0,92,1,274,48,0,0
817,https://www.streamable.com,119010,989,0.469325799,0,0,29,1,53,7,0,0
818,https://www.plex.tv,289723,990,0.342541617,0,0,41,1,162,143,0,0
819,https://www.bitbucket.org,171338,992,0.36577309,2,0,29,1,75,40,0,0
820,https://www.idnes.cz,177984,994,0.484127311,1,0,71,1,408,373,0,0
821,https://www.freebitco.in,39,995,0.006805241,0,0,0,0,0,0,0,0
822,https://www.focus.de,932737,997,0.317326012,2,0,338,1,795,785,0,0
823,https://www.makemytrip.com,39,998,0.006805241,0,0,0,0,0,0,0,0
824,https://www.arxiv.org,43685,999,0.729275786,3,0,3,0,261,54,0,0
825,https://www.v2ex.com,17425,1000,0.28342293,0,0,3,1,0,0,0,0
826,https://www.politico.com,18215,1001,0.285655049,0,0,4,1,0,0,0,0
827,https://www.pastebin.com,48563,1002,0.818948184,2,0,25,1,56,2,0,0
828,https://www.yespornplease.com,79321,1003,0.287041135,0,0,14,1,4,3,0,0
829,https://www.olx.in,39,1004,0.006805241,0,0,0,0,0,0,0,0
830,https://www.g2a.com,39,1006,0.006805241,0,0,0,0,0,0,0,0
831,https://www.biblegateway.com,131241,1008,0.859202031,3,0,53,1,81,20,0,0
832,https://www.3sk.tv,53124,1009,0.296455817,1,0,9,1,50,45,0,0
833,https://www.ancestry.com,266822,1010,0.350445016,2,0,89,1,43,39,0,0
834,https://www.custhelp.com,39,1011,0.006805241,0,0,0,0,0,0,0,0
835,https://www.zougla.gr,455148,1012,0.484301493,1,0,72,1,583,520,0,0
836,https://www.11st.co.kr,507865,1014,0.18106296,1,0,26,1,277,264,0,0
837,https://www.mawdoo3.com,231012,1015,0.494725141,2,0,38,1,413,8,0,0
838,https://www.visualstudio.com,328762,1016,0.420504019,1,0,47,1,196,175,0,0
839,https://www.2ch.net,131383,1018,0.273759252,0,0,53,1,127,97,0,0
840,https://www.weather.gov,148923,1019,0.404670721,4,0,19,1,263,223,0,0
841,https://www.clipconverter.cc,46609,1021,0.66034506,2,0,15,1,20,3,0,0
842,https://www.fb.ru,172557,1022,0.359849602,0,0,24,1,208,0,0,0
843,https://www.eztv.ag,11533,1024,0.189360228,1,0,2,1,24,13,0,0
844,https://www.intoday.in,53561,1026,0.183973938,0,0,11,1,87,79,0,0
845,https://www.cnnindonesia.com,218758,1027,0.156209529,1,0,66,1,191,184,0,0
846,https://www.bolasport.com,180579,1028,0.309526399,1,0,67,1,218,212,0,0
847,https://www.auction.co.kr,171679,1029,0.426804426,1,0,40,1,224,155,0,0
848,https://www.bitfinex.com,704630,1030,0.351946816,0,0,12,1,92,41,0,0
849,https://www.viva.co.id,159458,1031,0.327295407,0,0,56,1,286,268,0,0
850,https://www.unity3d.com,293,1032,0.008785528,0,0,0,0,0,0,0,0
851,https://www.dawn.com,259463,1033,0.246923874,2,0,30,1,352,281,0,0
